,City,Cloudiness,Country,Date,Humidity,Lat,Lng,Max Temp,Wind Speed
0,victoria,90,BN,1569883877,94,5.28,115.24,75.2,14.38
1,muroto,75,JP,1569883978,83,33.37,134.14,75.2,5.82
2,jamestown,0,AU,1569883442,33,-33.21,138.6,69.45,14.25
3,airai,0,TL,1569883475,46,-8.93,125.41,83.32,1.9
4,bredasdorp,18,ZA,1569883978,81,-34.53,20.04,52.0,2.24
5,floriano,22,BR,1569883730,64,-6.77,-43.02,77.92,2.28
6,hobart,75,AU,1569883979,65,-42.88,147.33,52.0,9.17
7,luderitz,0,NA,1569883684,52,-26.65,15.16,64.4,12.75
8,iqaluit,75,CA,1569883707,93,63.75,-68.52,35.6,4.7
9,toora-khem,1,RU,1569883979,81,52.47,96.11,22.3,2.55
10,ushuaia,75,AR,1569883980,86,-54.81,-68.31,33.8,21.92
11,hithadhoo,83,MV,1569883980,78,-0.6,73.08,82.42,16.84
12,havelock,1,US,1569883918,65,34.88,-76.9,84.2,11.41
13,kavieng,100,PG,1569883696,67,-2.57,150.8,83.67,7.72
14,mataura,36,NZ,1569883468,70,-46.19,168.86,46.0,4.0
15,cape town,75,CL,1569883981,66,-36.41,-71.9,51.8,11.41
16,bluff,0,AU,1569883188,25,-23.58,149.07,81.34,13.69
17,butaritari,60,KI,1569883571,61,3.07,172.79,84.75,7.49
18,roald,100,NO,1569883743,75,62.58,6.12,46.4,18.34
19,new norfolk,40,LR,1569883982,94,6.65,-10.59,78.8,6.69
20,rikitea,99,PF,1569883415,74,-23.12,-134.97,69.45,14.47
21,port alfred,29,CD,1569883982,84,-7.04,29.76,65.67,2.8
22,vao,100,EE,1569883982,96,59.1,26.19,50.37,8.16
23,nikolskoye,90,RU,1569883569,93,59.7,30.79,52.0,6.71
24,suriapet,100,IN,1569883983,90,17.15,79.62,75.04,3.22
25,miri,30,NG,1569883983,83,10.31,9.75,73.95,2.04
26,hilo,20,US,1569883500,66,19.71,-155.08,84.2,6.93
27,kem,63,UG,1569883984,95,2.68,33.77,64.95,5.1
28,kapaa,75,US,1569883521,74,22.08,-159.32,86.0,13.87
29,klaksvik,80,FO,1569883453,86,62.23,-6.59,41.0,4.7
30,bilibino,100,RU,1569883985,91,68.06,166.44,25.17,2.48
31,corowa,0,AU,1569883985,87,-36.0,146.39,57.99,4.7
32,kodiak,1,US,1569883654,62,39.95,-94.76,86.0,14.99
33,avarua,88,CK,1569883456,60,-21.21,-159.78,75.2,11.41
34,hermanus,0,ZA,1569883434,94,-34.42,19.24,57.0,1.01
35,san quintin,67,ML,1569883986,40,13.3,-4.9,86.55,9.24
36,alofi,75,NU,1569883986,74,-19.06,-169.92,80.6,13.87
37,marabba,100,SD,1569883986,89,12.35,32.18,72.34,6.24
38,san cristobal,67,ML,1569883986,40,13.3,-4.9,86.55,9.24
39,manadhoo,100,MV,1569883987,71,5.77,73.38,82.05,6.71
40,hamilton,40,CA,1569883925,87,43.26,-79.87,63.0,8.05
41,erice,0,IT,1569883988,82,38.04,12.59,72.0,5.82
42,springbok,0,ZA,1569883988,76,-29.67,17.88,52.35,6.29
43,qaanaaq,100,GL,1569883509,96,77.48,-69.36,33.82,13.82
44,manta,37,RO,1569883988,72,45.1,24.1,58.47,2.17
45,sao filipe,100,IN,1569883989,89,20.51,76.21,70.35,5.41
46,touros,20,BR,1569883656,83,-5.2,-35.46,75.2,8.05
47,dera bugti,52,ET,1569883989,90,8.33,39.32,58.47,4.92
48,kruisfontein,85,ZA,1569883478,86,-34.0,24.73,50.92,8.37
49,camacupa,26,AO,1569883990,82,-12.02,17.48,61.72,8.93
50,hambantota,20,LK,1569883769,100,6.12,81.12,73.4,2.24
51,haines junction,75,US,1569883990,59,44.91,-117.94,48.2,9.17
52,nome,1,US,1569883991,62,30.04,-94.42,91.0,10.29
53,stephenville,40,CA,1569883991,70,48.55,-58.59,46.4,12.75
54,port augusta,29,CD,1569883991,84,-7.04,29.76,65.67,2.8
55,busselton,35,AU,1569883397,74,-33.64,115.35,50.0,7.74
56,vaini,9,IN,1569883449,97,15.34,74.49,73.42,1.57
57,woodward,75,US,1569883992,51,36.43,-99.39,86.0,14.99
58,esperance,19,AU,1569883403,100,-33.86,121.89,53.6,4.7
59,clyde river,70,NZ,1569883994,80,-45.19,169.32,51.01,1.01
60,evensk,93,RU,1569883994,81,61.92,159.24,32.02,9.86
61,alice springs,62,ZA,1569883995,83,-32.79,26.83,51.64,7.25
62,tasiilaq,46,GL,1569883420,60,65.61,-37.64,41.0,17.22
63,pevek,100,RU,1569883416,88,69.7,170.27,32.55,13.87
64,mys shmidta,100,RU,1569883996,97,62.06,48.62,45.15,6.11
65,tiksi,95,RU,1569883477,85,71.64,128.87,24.1,13.71
66,fort collins,100,IN,1569883996,92,17.96,79.61,73.24,8.03
67,majene,98,ID,1569883996,83,-3.54,118.97,80.07,22.62
68,east london,100,UG,1569883997,95,3.43,31.7,66.04,2.37
69,hualmay,10,PE,1569883715,90,-11.1,-77.61,61.72,13.47
70,cabo san lucas,75,ES,1569883997,93,43.18,-5.8,68.0,3.29
71,beaverlodge,40,CA,1569883998,36,55.21,-119.43,48.2,4.7
72,saint-philippe,90,CA,1569883564,82,45.36,-73.48,57.2,7.83
73,kununurra,48,AU,1569883930,73,-15.77,128.74,73.4,5.82
74,eston,90,CA,1569883898,98,51.15,-108.75,33.8,9.17
75,pisco,90,PE,1569883709,30,-13.71,-76.2,71.6,18.34
76,nanortalik,99,GL,1569883517,58,60.14,-45.24,42.27,8.72
77,yellowknife,75,CA,1569883476,52,62.45,-114.38,46.4,19.46
78,tuktoyaktuk,75,CA,1569883423,81,69.44,-133.03,46.4,9.17
79,new ulm,40,LR,1569883999,94,6.65,-10.59,78.8,6.69
80,kaitangata,20,NZ,1569883864,72,-46.28,169.85,43.0,5.99
81,basco,1,US,1569884000,66,40.33,-91.2,86.0,9.17
82,albany,90,US,1569883491,52,42.65,-73.75,64.4,9.17
83,dondo,0,MZ,1569884001,88,-19.62,34.74,75.2,10.29
84,peruibe,5,BR,1569884001,98,-24.32,-47.0,62.25,1.7
85,chuy,89,UY,1569883448,81,-33.69,-53.46,66.57,10.04
86,cayenne,0,GF,1569883577,78,4.94,-52.33,82.4,2.24
87,salta,6,AR,1569883872,24,-24.79,-65.41,89.6,10.29
88,norman wells,75,US,1569883964,62,35.22,-97.44,87.01,16.11
89,tchollire,100,CM,1569884003,91,8.4,14.17,72.87,1.01
90,sao joao da barra,100,IN,1569884003,89,20.51,76.21,70.35,5.41
91,mahebourg,40,MU,1569883560,83,-20.41,57.7,72.0,10.29
92,katsuura,75,JP,1569883943,94,33.93,134.5,75.99,6.93
93,puerto ayora,40,AR,1569884004,69,-51.62,-69.23,37.4,9.17
94,kalmunai,18,LK,1569883883,91,7.42,81.82,73.77,2.53
95,roma,75,IT,1569883637,82,41.89,12.48,71.6,4.7
96,longyearbyen,20,NO,1569883567,68,78.22,15.63,30.2,24.16
97,vangaindrano,95,MG,1569884005,95,-23.35,47.6,71.8,2.77
98,talnakh,75,RU,1569884005,92,69.49,88.39,28.4,6.71
99,narsaq,93,GL,1569883443,25,60.91,-46.05,53.6,26.4
100,ponta delgada,83,BR,1569884006,96,-0.53,-65.05,73.95,2.64
101,yerbogachen,79,RU,1569884006,93,61.28,108.01,29.32,5.79
102,khatanga,13,RU,1569883518,91,71.98,102.47,20.5,2.64
103,vardo,90,US,1569883725,100,39.62,-77.74,70.0,4.7
104,castro,75,CL,1569883789,70,-42.48,-73.76,42.8,12.75
105,poya,100,NC,1569884007,83,-21.35,165.16,71.25,20.78
106,kenai,75,US,1569884007,81,60.55,-151.26,50.0,10.29
107,punta arenas,75,PH,1569884007,83,14.18,121.12,82.4,2.24
108,lebu,74,ET,1569883687,91,8.96,38.73,52.72,3.74
109,port elizabeth,29,CD,1569884008,84,-7.04,29.76,65.67,2.8
110,biak,96,ID,1569884008,90,-0.91,122.88,66.94,4.38
111,souillac,20,FR,1569883578,93,45.6,-0.6,63.0,1.12
112,khorixas,0,NA,1569884008,51,-20.37,14.96,54.52,5.21
113,ribeira grande,75,PT,1569884009,82,41.76,-8.56,69.01,3.36
114,puli,75,TW,1569884009,88,23.97,120.97,78.01,2.24
115,upernavik,50,GL,1569884009,72,72.79,-56.15,39.22,7.25
116,naze,96,NG,1569884000,95,5.43,7.07,73.77,3.51
117,cleethorpes,100,GB,1569884010,93,53.56,-0.03,53.6,10.29
118,colwyn bay,90,US,1569884011,72,39.91,-75.25,68.0,8.05
119,carnarvon,16,ZA,1569883601,66,-30.97,22.13,45.7,11.81
120,voyvozh,100,RU,1569884011,93,62.89,54.96,41.55,10.27
121,novikovo,99,RU,1569884011,84,51.15,37.89,57.04,17.45
122,caravelas,56,BR,1569883643,87,-17.73,-39.27,72.7,9.98
123,pangnirtung,90,CA,1569883645,93,66.15,-65.72,39.2,8.05
124,codrington,40,AU,1569883522,68,-28.95,153.24,68.0,6.93
125,kompaniyivka,83,UA,1569884013,62,48.25,32.21,60.27,14.38
126,ternate,75,PH,1569884013,83,14.29,120.72,82.4,2.24
127,bom jesus,2,ML,1569884013,20,14.95,-2.93,87.45,2.59
128,sola,59,TZ,1569883797,75,-3.17,33.8,70.17,1.92
129,flinders,20,AU,1569884014,67,-34.58,150.85,64.99,5.84
130,limon,1,US,1569884015,6,39.26,-103.69,91.0,25.28
131,port hardy,29,CD,1569883991,84,-7.04,29.76,65.67,2.8
132,faanui,49,PF,1569883619,78,-16.48,-151.75,77.92,18.59
133,goderich,34,CA,1569884016,76,43.74,-81.71,73.0,8.99
134,asosa,100,ET,1569884016,80,10.07,34.53,65.85,6.58
135,west helena,40,US,1569884016,41,31.8,-97.09,95.0,11.41
136,bac can,0,RS,1569884017,55,45.39,19.24,62.6,4.7
137,ostrovnoy,99,RU,1569883960,94,68.05,39.51,39.57,4.7
138,salinopolis,51,BR,1569884017,79,-0.61,-47.36,80.62,19.44
139,teya,20,MX,1569884018,52,21.05,-89.07,89.6,13.87
140,burlington,40,CA,1569883745,87,43.32,-79.8,63.0,8.05
141,beringovskiy,67,RU,1569883708,78,63.05,179.32,44.97,9.95
142,daru,100,PG,1569884018,84,-9.07,143.21,78.1,9.78
143,mar del plata,32,CN,1569884019,85,29.86,90.73,32.02,3.56
144,yar-sale,100,RU,1569883695,92,66.83,70.83,35.25,9.42
145,bathsheba,40,BB,1569883489,78,13.22,-59.52,82.4,9.17
146,moose factory,90,US,1569884014,45,43.66,-110.72,46.4,3.36
147,yinchuan,2,CN,1569884020,26,38.48,106.21,66.99,1.99
148,kidodi,19,TZ,1569884020,86,-7.6,37.0,69.45,3.15
149,farafangana,87,MG,1569884020,96,-22.82,47.83,71.8,2.39
150,ust-kuyga,90,RU,1569883744,85,70.0,135.55,24.27,2.91
151,santa rosa,83,PH,1569884021,73,17.49,120.43,83.14,7.85
152,torbay,90,CA,1569883566,75,47.66,-52.73,46.0,23.04
153,lorengau,100,PG,1569883576,74,-2.02,147.27,82.95,6.91
154,sungairaya,100,ID,1569884022,78,0.7,108.9,81.52,9.22
155,dikson,56,RU,1569883536,83,73.51,80.55,29.5,14.0
156,isangel,75,VU,1569883800,74,-19.55,169.27,78.8,6.93
157,vaitape,49,PF,1569883637,78,-16.52,-151.75,77.92,18.59
158,plock,75,PL,1569884023,81,52.55,19.71,53.6,19.46
159,manturovo,100,RU,1569884023,95,58.33,44.76,50.02,11.3
160,osa,100,RU,1569884023,88,57.28,55.46,43.9,14.5
161,igarka,95,RU,1569884023,86,67.47,86.57,29.67,8.19
162,udachnyy,75,RU,1569884024,100,66.42,112.4,17.6,4.47
163,aginskoye,96,RU,1569884024,72,51.11,114.54,46.42,12.64
164,najran,0,SA,1569884024,36,17.54,44.22,77.0,10.65
165,kahului,40,US,1569883302,52,20.89,-156.47,89.6,25.28
166,saryg-sep,64,RU,1569884025,83,51.49,95.55,26.44,3.04
167,susehri,0,TR,1569884025,55,40.16,38.09,46.95,1.79
168,constitucion,75,MX,1569883705,43,23.99,-104.67,71.6,6.93
169,bambous virieux,40,MU,1569884026,83,-20.26,57.41,72.0,10.29
170,ortega,40,CO,1569884026,40,3.94,-75.22,87.8,4.7
171,butare,34,BI,1569884026,71,-3.99,29.99,69.45,1.81
172,broome,90,GB,1569884026,91,52.47,1.45,60.01,9.17
173,cherskiy,100,RU,1569883714,92,68.75,161.3,30.04,13.62
174,cidreira,0,BR,1569883771,78,-30.17,-50.22,68.37,18.25
175,meulaboh,93,ID,1569883554,81,4.14,96.13,78.64,5.06
176,lasem,95,ID,1569884027,65,-6.99,112.52,77.74,4.76
177,saint-denis,75,FR,1569884028,77,48.94,2.36,62.01,14.99
178,mweka,91,CD,1569884028,98,-4.85,21.56,70.17,1.36
179,chokurdakh,86,RU,1569883472,85,70.62,147.9,24.64,13.53
180,marieville,40,CA,1569884029,58,45.43,-73.16,55.99,5.82
181,lavrentiya,67,RU,1569884029,86,65.58,-170.99,37.24,7.9
182,padang,100,ID,1569884029,85,-0.92,100.36,78.1,10.38
183,sabang,100,PH,1569884029,91,13.8,121.11,78.01,1.19
184,ponta do sol,83,BR,1569884030,96,-0.53,-65.05,73.95,2.64
185,thompson,90,CA,1569883719,48,55.74,-97.86,39.2,5.82
186,half moon bay,40,LR,1569884030,94,6.38,-10.7,78.8,6.69
187,springville,1,US,1569883816,21,40.17,-111.61,61.0,13.87
188,mandalgovi,57,MN,1569884031,53,45.76,106.27,53.8,5.75
189,hasaki,75,JP,1569883695,88,35.73,140.83,69.8,6.93
190,komsomolskiy,100,RU,1569883820,95,67.55,63.78,30.4,10.22
191,bonthe,26,SL,1569883612,92,7.53,-12.5,76.65,5.35
192,egvekinot,85,RU,1569883988,83,66.32,-179.17,32.37,12.68
193,nanning,0,CN,1569884032,88,22.83,108.3,69.8,1.16
194,mount gambier,75,GB,1569884032,93,53.66,-1.85,55.4,12.75
195,barraute,90,CA,1569883907,62,48.43,-77.63,51.8,4.7
196,lebyazhye,90,RU,1569884033,93,59.96,29.42,53.01,6.71
197,seda,58,LT,1569884033,76,56.17,22.09,55.4,11.41
198,warrnambool,0,AU,1569884034,100,-38.38,142.48,53.01,1.99
199,barrow,100,AR,1569883512,53,-38.31,-60.23,52.54,6.51
200,ancud,75,CL,1569883698,70,-41.87,-73.83,42.8,12.75
201,tuy hoa,75,PH,1569884034,83,14.02,120.73,82.4,2.24
202,goure,84,NE,1569884035,56,13.98,10.27,84.99,1.99
203,puerto narino,40,AR,1569884035,69,-51.62,-69.23,37.4,9.17
204,aklavik,75,CA,1569883329,71,68.22,-135.01,51.8,2.24
205,tuatapere,58,NZ,1569884036,68,-46.13,167.69,46.99,4.0
206,lumphat,67,KH,1569884036,96,13.5,106.97,74.67,2.89
207,comodoro rivadavia,100,BR,1569884036,89,-13.66,-59.79,71.44,3.6
208,macau,60,BR,1569883938,76,-5.11,-36.64,76.3,23.71
209,cambui,0,BR,1569884037,63,-22.61,-46.06,59.0,5.01
210,payo,100,ID,1569884037,76,-3.75,103.64,66.57,3.71
211,sayyan,13,YE,1569884037,70,15.17,44.32,69.45,1.03
212,riyadh,20,SA,1569883902,22,24.63,46.72,89.6,2.24
213,hami,37,CN,1569884038,37,42.84,93.51,59.74,14.5
214,laranjeiras,40,BR,1569884038,69,-10.8,-37.17,78.8,10.29
215,takoradi,78,GH,1569884038,96,4.89,-1.75,74.5,2.68
216,yulara,35,AU,1569883661,15,-25.24,130.99,73.4,8.05
217,grand river south east,0,FR,1569884039,81,48.39,5.49,57.2,8.05
218,magdalena,75,PH,1569884039,83,14.2,121.43,82.4,2.24
219,benguela,88,AO,1569884039,87,-12.58,13.4,70.72,9.8
220,russell,1,US,1569884040,48,38.9,-98.86,87.8,27.51
221,buala,85,SB,1569884040,74,-8.15,159.59,83.5,12.19
222,oyan,100,NG,1569884040,98,8.05,4.77,70.72,4.09
223,yuryuzan,78,RU,1569884041,82,54.87,58.43,33.27,5.39
224,dasoguz,0,TM,1569884041,60,41.84,59.97,50.0,4.7
225,analipsis,0,GR,1569884041,55,35.32,25.57,71.01,6.93
226,ilulissat,81,GL,1569883508,55,69.22,-51.1,39.2,4.7
227,mayahi,81,NE,1569884042,58,13.95,7.67,83.67,3.78
228,fairbanks,90,US,1569883904,76,64.84,-147.72,50.0,3.36
229,robertsport,1,LR,1569884042,92,6.75,-11.37,76.3,6.13
230,rocha,86,UY,1569884043,95,-34.48,-54.34,62.25,2.86
231,acapulco,75,MX,1569884043,69,16.86,-99.88,82.4,9.17
232,hearst,100,CA,1569884043,96,49.69,-83.67,41.92,8.9
233,heihe,75,RU,1569884044,100,50.24,127.51,33.8,4.47
234,tevriz,100,RU,1569884044,93,57.51,72.4,38.32,6.73
235,zhezkazgan,0,KZ,1569884044,48,47.8,67.71,36.15,9.01
236,arraial do cabo,0,BR,1569884045,47,-22.84,-46.65,77.0,14.99
237,kondinskoye,84,RU,1569884045,86,59.65,67.41,35.44,10.33
238,tezu,99,IN,1569884045,93,27.93,96.16,68.02,1.05
239,taoudenni,0,ML,1569884046,11,22.68,-3.98,92.67,12.12
240,chara,0,GR,1569883721,68,39.42,22.43,64.4,3.36
241,axim,97,GH,1569884046,91,4.87,-2.24,76.65,7.43
242,rio grande,1,US,1569883871,58,41.11,-90.4,87.8,16.11
243,pontalina,2,BR,1569884047,32,-17.52,-49.45,80.62,6.31
244,rawson,70,AR,1569884047,25,-43.3,-65.11,48.94,10.65
245,apache junction,75,US,1569884047,62,34.89,-98.37,87.8,14.99
246,bethel,90,US,1569883458,76,60.79,-161.76,50.0,3.36
247,waingapu,2,ID,1569884048,64,-9.65,120.26,78.45,12.91
248,greymouth,5,NZ,1569884048,65,-42.45,171.21,48.22,7.11
249,port macquarie,29,CD,1569884008,84,-7.04,29.76,65.67,2.8
250,ixtapa,90,MX,1569883786,66,20.71,-105.21,84.2,3.36
251,valence,0,FR,1569884049,87,44.93,4.89,60.01,4.7
252,avera,90,US,1569884049,83,33.19,-82.53,95.0,5.82
253,lovington,98,US,1569884049,56,32.94,-103.35,84.0,8.99
254,ahuimanu,90,US,1569884050,83,21.44,-157.84,87.8,11.41
255,vestmannaeyjar,50,IS,1569883514,85,63.44,-20.27,47.5,13.38
256,namibe,71,AO,1569883603,86,-15.19,12.15,64.05,8.9
257,saskylakh,90,RU,1569884050,94,71.97,114.09,23.37,7.2
258,tongren,0,CN,1569884052,57,27.72,109.18,67.65,1.99
259,astana,0,KZ,1569884052,76,51.13,71.43,32.0,4.47
260,antalaha,88,MG,1569884053,99,-14.9,50.28,67.84,2.01
261,sennoy,100,RU,1569884053,61,52.16,46.96,52.0,16.8
262,nishihara,40,JP,1569883494,77,35.74,139.53,78.01,3.36
263,pacific grove,90,US,1569884053,35,47.26,-122.25,60.01,6.02
264,atuona,8,PF,1569884054,74,-9.8,-139.03,79.54,16.17
265,chowchilla,1,US,1569884054,28,37.12,-120.26,75.99,8.05
266,champerico,75,MX,1569883977,55,16.38,-93.6,87.8,10.29
267,olga,1,US,1569883912,43,34.11,-118.17,73.99,6.93
268,labuhan,100,ID,1569883664,68,-2.54,115.51,78.64,1.32
269,saldanha,38,PT,1569884003,86,41.42,-6.55,62.97,3.4
270,concepcion del oro,92,CO,1569884055,92,9.56,-73.66,77.2,4.34
271,formosa,82,BR,1569884055,42,-15.55,-47.33,76.12,6.96
272,vanavara,66,RU,1569884056,80,60.35,102.28,26.07,3.49
273,tiznit,93,MA,1569883775,64,29.7,-9.73,72.34,4.7
274,provideniya,90,RU,1569883555,93,64.42,-173.23,42.8,6.71
275,ashland,1,US,1569884057,51,38.48,-82.64,91.4,1.54
276,scarborough,100,GB,1569884057,100,54.28,-0.41,53.01,11.41
277,monte alegre,20,FR,1569884057,88,42.47,9.39,73.4,5.82
278,vostok,56,RU,1569883704,78,46.45,135.83,60.45,4.85
279,kavaratti,67,IN,1569884058,74,10.57,72.64,79.9,2.71
280,champasak,9,LA,1569884058,85,14.89,105.88,75.22,3.44
281,novosheshminsk,100,RU,1569884059,76,55.06,51.22,47.32,15.86
282,laguna,75,BZ,1569884029,66,16.17,-88.94,89.6,4.7
283,lagoa,0,PT,1569884059,100,37.14,-8.45,64.99,5.82
284,khandbari,79,NP,1569883898,93,27.38,87.21,49.12,1.34
285,vrede,23,ZA,1569884060,88,-27.43,29.16,41.55,9.15
286,marmande,0,FR,1569884051,93,44.5,0.16,62.01,3.36
287,hirara,75,JP,1569884061,83,24.8,125.28,82.4,27.51
288,lichinga,25,MZ,1569884061,69,-13.3,35.25,71.62,1.63
289,rosario,26,UY,1569884061,89,-34.31,-57.35,63.0,1.01
290,pastos bons,40,PR,1569884062,70,18.12,-66.26,84.2,5.21
291,baculin,83,PH,1569884062,63,7.45,126.58,80.62,2.8
292,seoul,40,KR,1569883561,100,37.57,126.98,62.6,2.24
293,gamba,49,CN,1569884063,80,28.28,88.52,32.37,2.84
294,sapa,75,PH,1569884063,83,14.32,120.76,82.4,2.24
295,khasan,0,RU,1569884063,66,42.43,130.64,67.65,2.24
296,otukpo,64,NG,1569884063,97,7.19,8.13,73.42,4.72
297,port hedland,29,CD,1569883982,84,-7.04,29.76,65.67,2.8
298,slavsk,49,RU,1569884064,70,55.05,21.68,52.35,19.48
299,dingle,100,PH,1569883640,76,11.0,122.67,80.62,1.32
300,kindu,100,CD,1569884065,96,-2.95,25.92,69.82,1.07
301,dauriya,63,RU,1569884065,67,49.93,116.85,55.05,15.21
302,comarapa,0,BO,1569884065,62,-17.91,-64.53,65.67,2.95
303,tautira,20,PF,1569884066,70,-17.73,-149.15,84.2,9.17
304,karratha,0,AU,1569884066,14,-20.74,116.85,86.74,9.89
305,klyuchi,27,RU,1569884066,71,52.25,79.17,32.55,3.53
306,biloela,3,AU,1569884067,43,-24.4,150.51,79.54,11.68
307,brandon,1,US,1569883777,64,43.59,-96.57,77.0,16.11
308,sibolga,100,ID,1569884067,79,1.74,98.78,78.82,1.41
309,yurimaguas,20,PE,1569884068,74,-5.9,-76.1,84.2,4.7
310,synya,100,RU,1569884068,95,65.37,58.04,42.27,8.86
311,babina,97,IN,1569884068,83,25.24,78.47,73.6,4.9
312,vila franca do campo,0,IT,1569884069,100,45.18,8.4,66.0,2.24
313,san patricio,67,ML,1569884010,40,13.3,-4.9,86.55,9.24
314,puerto del rosario,40,AR,1569884004,69,-51.62,-69.23,37.4,9.17
315,camacha,40,PT,1569883579,72,33.08,-16.33,69.8,5.82
316,ranfurly,100,CA,1569884070,72,53.41,-111.68,36.7,4.88
317,china,40,MX,1569884070,55,25.71,-99.24,88.72,18.25
318,ananas,100,HT,1569884070,90,19.25,-71.96,73.77,0.29
319,hobyo,21,SO,1569884071,92,5.35,48.53,75.04,9.55
320,gigmoto,100,PH,1569884071,72,13.78,124.39,83.67,5.23
321,kattivakkam,20,IN,1569884071,94,13.22,80.32,78.8,6.08
322,buin,90,CL,1569883969,76,-33.73,-70.74,51.8,9.17
323,awjilah,0,LY,1569883928,78,29.14,21.3,70.35,10.29
324,bandarbeyla,98,SO,1569883727,80,9.49,50.81,75.57,7.61
325,jumla,69,NP,1569883972,93,29.28,82.18,45.34,2.1
326,nyurba,100,RU,1569884072,90,63.29,118.35,28.42,5.03
327,kishi,100,NG,1569884073,89,9.08,3.85,72.7,7.27
328,rio gallegos,1,US,1569883871,58,41.11,-90.4,87.8,16.11
329,chumikan,74,RU,1569884073,68,54.72,135.31,41.2,4.45
330,pychas,100,RU,1569884074,84,56.5,52.44,46.0,5.01
331,praia,0,BR,1569884074,53,-20.25,-43.81,77.0,13.87
332,kudahuvadhoo,100,MV,1569884074,80,2.67,72.89,79.9,14.61
333,north bend,86,NG,1569884075,95,4.97,7.66,73.95,3.69
334,ratnagiri,100,IN,1569884075,76,16.98,73.3,81.34,3.65
335,chichigalpa,40,NI,1569884075,74,12.57,-87.03,87.8,4.7
336,muros,90,ES,1569884076,88,42.77,-9.06,69.01,4.7
337,fort nelson,100,IN,1569884076,92,17.96,79.61,73.24,8.03
338,longonjo,67,AO,1569884076,95,-12.91,15.25,58.3,1.92
339,davila,75,PH,1569884077,100,18.47,120.58,77.0,3.36
340,bonavista,100,CA,1569883957,88,48.65,-53.11,44.01,15.99
341,jalu,0,LY,1569884077,72,29.03,21.55,71.97,9.91
342,coquimbo,20,CL,1569883803,71,-29.95,-71.34,57.2,10.29
343,sioux lookout,90,US,1569884078,93,46.74,-90.88,68.0,3.36
344,price,1,US,1569884052,10,39.6,-110.81,64.4,12.75
345,merauke,66,ID,1569883915,83,-8.49,140.4,79.17,17.96
346,celestun,28,MX,1569884078,80,20.87,-90.4,82.24,25.1
347,vila velha,0,IT,1569884069,100,45.18,8.4,66.0,2.24
348,itarema,11,BR,1569883737,80,-2.92,-39.92,75.04,10.02
349,leningradskiy,99,RU,1569884079,64,69.38,178.42,36.87,3.13
350,sompeta,79,IN,1569884080,82,18.93,84.6,75.04,3.0
351,severo-yeniseyskiy,57,RU,1569884080,95,60.37,93.04,25.54,3.09
352,dergachi,84,RU,1569884080,71,51.24,48.77,50.2,12.71
353,alta floresta,75,NO,1569884081,75,69.97,23.27,41.0,19.46
354,isla mujeres,89,MX,1569884081,73,18.03,-95.53,86.0,5.99
355,sembakung,99,ID,1569884081,92,3.82,117.25,76.84,1.59
356,lamar,1,US,1569884082,22,38.09,-102.62,96.8,28.86
357,taltal,14,CL,1569884082,89,-25.41,-70.49,51.64,0.89
358,poum,0,MK,1569884082,87,41.28,20.71,51.8,2.24
359,amga,100,RU,1569884082,81,60.89,131.98,34.17,4.23
360,enterprise,1,US,1569884083,7,36.05,-115.22,77.0,10.29
361,atherton,0,AU,1569884083,61,-17.27,145.48,80.01,8.05
362,kupang,9,ID,1569884083,72,-10.16,123.6,76.47,5.91
363,gitega,7,BI,1569884084,89,-3.43,29.93,58.3,1.36
364,narino,40,CO,1569884084,88,5.61,-75.18,62.6,2.24
365,sitka,100,US,1569883648,64,37.17,-99.65,81.0,25.99
366,bastia,20,IT,1569884084,77,44.6,8.98,68.0,4.7
367,necochea,85,AR,1569884085,80,-38.55,-58.74,52.0,4.0
368,harper,40,US,1569884085,41,30.3,-99.24,91.4,10.29
369,guerrero negro,0,AR,1569884085,29,-24.19,-65.45,89.6,8.05
370,bud,100,NO,1569884086,81,62.91,6.91,46.4,12.75
371,kedrovyy,40,RU,1569884086,97,56.17,91.82,35.6,4.47
372,casper,1,US,1569884086,54,42.87,-106.31,55.4,10.29
373,bon accord,75,ES,1569884087,82,42.32,-8.8,69.01,3.36
374,balagansk,26,RU,1569884087,84,54.01,103.05,31.65,6.64
375,strathroy,40,CA,1569884087,73,42.96,-81.62,75.2,11.41
376,kawalu,99,ID,1569884088,76,-7.38,108.21,67.84,4.61
377,conde,0,BR,1569884088,94,-11.81,-37.61,68.55,3.2
378,benjamin aceval,95,US,1569884088,55,33.58,-99.79,90.0,8.01
379,ojinaga,1,US,1569883626,41,29.56,-104.41,91.4,9.17
380,pangai,75,TO,1569884089,83,-19.8,-174.35,78.8,11.41
381,babol,0,IR,1569884089,93,36.55,52.68,64.4,4.7
382,severo-kurilsk,37,RU,1569883646,76,50.68,156.12,45.52,15.37
383,buraydah,0,SA,1569884089,35,26.33,43.97,84.2,4.65
384,santa isabel,83,PH,1569884090,73,17.49,120.43,83.14,7.85
385,concordia,6,AR,1569884090,59,-31.4,-58.02,80.25,15.17
386,geraldton,90,CA,1569883937,100,49.72,-86.95,41.0,9.17
387,werda,0,BW,1569884091,36,-25.27,23.28,51.45,5.68
388,pauini,94,BR,1569884091,94,-7.71,-67.0,74.32,5.44
389,portland,75,US,1569883665,58,43.66,-70.25,55.0,8.05
390,prince rupert,90,CA,1569884092,96,52.97,-108.38,36.0,6.93
391,baykit,91,RU,1569884092,95,61.68,96.39,23.92,2.53
392,praia da vitoria,0,BR,1569884074,53,-20.25,-43.81,77.0,13.87
393,pakruojis,71,LT,1569884093,93,55.98,23.85,51.8,10.29
394,guatire,75,VE,1569884093,70,10.47,-66.54,84.2,6.93
395,sibu,90,MY,1569883982,100,2.29,111.83,75.2,3.36
396,chifeng,0,CN,1569884093,60,42.27,118.96,63.15,9.08
397,namatanai,87,PG,1569883684,71,-3.66,152.44,81.7,7.09
398,inuvik,75,CA,1569883953,71,68.36,-133.71,51.8,2.24
399,atasu,0,KZ,1569884094,62,48.68,71.64,31.47,7.25
400,berezovyy,16,RU,1569884094,62,51.67,135.7,50.2,2.77
401,kotelnich,100,RU,1569884095,95,58.31,48.34,49.12,12.21
402,trairi,29,BR,1569884095,88,-3.28,-39.27,71.44,5.44
403,wajir,62,KE,1569884095,75,1.75,40.07,77.37,17.25
404,belyy yar,100,RU,1569884096,97,55.83,32.94,54.52,6.89
405,willowmore,92,ZA,1569884096,86,-33.3,23.49,44.8,2.46
406,mayo,90,CA,1569884025,75,63.59,-135.9,41.0,2.24
407,suchindram,85,IN,1569884096,76,8.16,77.47,80.97,0.56
408,salalah,20,OM,1569883876,78,17.01,54.1,80.6,4.7
409,lena,1,US,1569884097,65,42.38,-89.82,84.2,10.29
410,filadelfia,0,PY,1569884097,26,-22.35,-60.04,95.37,11.72
411,luau,97,CD,1569884097,67,-10.7,22.23,70.72,2.35
412,grindavik,20,IS,1569883696,87,63.84,-22.43,42.8,6.93
413,yabrud,0,SY,1569884098,72,33.97,36.66,62.6,6.93
414,lesosibirsk,95,RU,1569884098,95,58.22,92.49,29.14,3.11
415,amazar,100,RU,1569884098,98,53.86,120.88,38.67,3.42
416,carrick-on-suir,47,IE,1569884099,99,52.35,-7.41,60.01,5.01
417,santa cruz de tenerife,83,PH,1569884021,73,17.49,120.43,83.14,7.85
418,jizan,40,SA,1569884099,70,16.89,42.56,91.4,1.92
419,jiuquan,28,CN,1569884099,53,39.73,98.49,52.54,3.36
420,tual,57,ID,1569883605,86,-5.67,132.75,79.35,16.04
421,nipawin,90,CA,1569884100,65,53.36,-104.02,41.0,12.75
422,cobija,90,BR,1569884100,83,-11.02,-68.77,78.8,1.05
423,muli,1,CN,1569884100,49,28.08,109.56,70.0,2.21
424,tucuman,2,PE,1569884101,69,-17.17,-70.89,49.84,2.13
425,galle,18,GN,1569884101,99,10.08,-12.83,70.72,2.89
426,colombia,97,CO,1569884101,63,3.38,-74.8,76.84,5.91
427,rhyl,75,GB,1569884102,100,53.32,-3.49,59.0,8.05
428,gladstone,75,AU,1569884102,69,-23.84,151.26,77.0,11.41
429,wewak,99,PG,1569884102,92,-3.55,143.63,75.57,4.41
430,worland,90,US,1569884103,75,44.02,-107.96,48.99,13.87
431,hay river,0,AU,1569884103,52,-34.51,144.84,64.24,7.85
432,taranagar,100,IN,1569884103,65,28.67,75.04,81.15,7.87
433,grand gaube,0,FR,1569884104,81,48.39,5.49,57.2,8.05
434,mirabad,0,IR,1569884104,50,28.27,61.33,58.65,1.43
435,carutapera,100,BR,1569883987,77,-1.2,-46.02,79.17,8.48
436,herat,0,AF,1569884104,34,34.35,62.22,68.0,3.36
437,georgetown,20,GY,1569884105,79,6.8,-58.16,84.2,9.17
438,nuuk,75,GL,1569884105,61,64.17,-51.74,46.4,6.93
439,ukiah,90,US,1569883762,33,39.15,-123.21,66.0,8.05
440,noumea,20,NC,1569884025,61,-22.28,166.46,77.0,9.17
441,bintulu,90,MY,1569884106,100,3.17,113.03,73.4,3.36
442,paamiut,100,GL,1569884106,62,61.99,-49.67,43.54,6.6
443,bundaberg,90,AU,1569884106,68,-24.87,152.35,72.0,14.99
444,marathon,100,CA,1569884107,97,48.72,-86.38,46.24,10.02
445,rondonopolis,23,BR,1569884107,50,-16.46,-54.64,84.57,2.21
446,rapar,90,IN,1569884107,89,23.57,70.65,79.17,17.9
447,sume,40,RS,1569884108,77,43.62,20.22,64.4,1.12
448,dukat,0,AL,1569884108,89,40.25,19.57,70.0,1.01
449,morondava,27,MG,1569884108,59,-20.3,44.28,76.65,5.26
450,oyotun,0,PE,1569884109,29,-6.85,-79.3,66.2,21.92
451,ishigaki,100,JP,1569884109,81,24.34,124.16,82.24,29.86
452,mama,20,MX,1569884109,52,20.48,-89.36,89.6,13.87
453,chitral,0,PK,1569884110,59,35.85,71.79,33.82,7.96
454,pandan,100,PH,1569883707,75,11.72,122.09,83.32,6.4
455,leh,49,IN,1569884110,60,34.16,77.58,33.82,7.0
456,mildura,0,AU,1569884110,54,-34.18,142.16,62.01,8.05
457,pemex,98,MX,1569884111,84,18.44,-96.35,80.25,1.74
458,oistins,40,BB,1569884005,78,13.07,-59.53,82.4,9.17
459,lompoc,1,US,1569883858,30,34.64,-120.46,69.8,13.87
460,anloga,20,GH,1569884111,94,5.79,0.9,75.2,8.86
461,sao caetano de odivelas,100,IN,1569884112,89,20.51,76.21,70.35,5.41
462,shubarshi,0,KZ,1569884112,67,48.59,57.19,43.9,5.48
463,batagay-alyta,32,RU,1569884112,77,67.8,130.41,10.77,3.76
464,buzdyak,98,RU,1569884113,77,54.57,54.53,40.3,9.28
465,bataipora,0,BR,1569884113,23,-22.3,-53.27,77.92,8.28
466,havoysund,75,NO,1569884113,80,71.0,24.66,41.0,32.21
467,beloha,0,MG,1569884114,85,-25.17,45.06,68.74,3.78
468,damietta,40,EG,1569884114,69,31.42,31.81,77.0,2.24
469,paita,0,PE,1569884114,290,-5.09,-81.11,62.6,19.46
470,kutum,1,SD,1569883956,57,14.2,24.66,77.02,4.29
471,sikonge,20,TZ,1569884115,57,-5.63,32.75,75.2,5.82
472,ust-nera,48,RU,1569883796,78,64.57,143.24,17.25,3.38
473,katherine,67,AU,1569884115,47,-14.47,132.26,80.6,2.98
474,port blair,29,CD,1569884115,84,-7.04,29.76,65.67,2.8
475,lhokseumawe,90,ID,1569884116,90,5.18,97.15,71.07,2.86
476,miraflores,40,PE,1569884116,51,-16.39,-71.52,59.0,9.17
477,adrar,0,DZ,1569883742,9,27.87,-0.29,89.6,5.82
478,edgewater,75,US,1569884116,78,28.99,-80.9,84.2,11.41
479,okahandja,0,NA,1569884117,28,-21.98,16.91,57.2,5.82
480,dhidhdhoo,100,MV,1569884117,71,6.88,73.1,81.52,3.67
481,azad shahr,90,AZ,1569884117,93,40.7,46.51,59.0,6.93
482,kawambwa,100,ZM,1569884118,88,-9.8,29.07,63.52,2.68
483,gouloure,20,BF,1569884118,78,12.23,-1.93,75.2,11.41
484,vila do maio,0,IT,1569884022,100,45.18,8.4,66.0,2.24
485,neiafu,40,TO,1569884118,88,-18.65,-173.98,78.8,6.93
486,corvallis,1,US,1569884096,47,44.56,-123.26,61.0,3.36
487,aras,15,ES,1569884119,88,42.56,-2.36,64.99,1.12
488,coari,74,BR,1569884119,62,-4.09,-63.14,83.5,5.28
489,verkhnevilyuysk,94,RU,1569883681,80,63.45,120.31,29.32,5.44
490,ikom,100,NG,1569884120,97,5.96,8.72,73.05,1.39
491,nicoya,0,CR,1569884106,62,10.15,-85.45,87.8,11.41
492,kolobovo,100,RU,1569884120,93,56.71,41.34,53.07,12.66
493,pochutla,75,MX,1569884121,62,15.74,-96.47,88.0,0.47
494,mega,6,ET,1569884121,58,4.06,38.32,73.95,11.36
495,imbituba,40,BR,1569884122,83,-28.24,-48.67,69.8,13.87
496,porto nacional,75,PT,1569884122,100,41.15,-8.61,68.0,7.72
497,mayumba,99,GA,1569884008,79,-3.44,10.65,76.12,9.06
498,sao goncalo do amarante,100,IN,1569884112,89,20.51,76.21,70.35,5.41
499,yanam,97,IN,1569884122,88,16.73,82.22,76.12,4.29
500,abu jubayhah,75,JP,1569884123,88,34.51,131.49,75.2,3.36
501,sibiti,100,CG,1569884123,94,-3.69,13.35,70.0,2.95
502,carmen,20,PH,1569884123,94,7.36,125.71,75.2,2.24
503,healdsburg,1,US,1569884124,45,38.61,-122.87,69.01,16.11
504,gasa,100,BT,1569883546,93,27.91,89.73,32.55,2.1
505,zhigansk,64,RU,1569884125,79,66.77,123.37,25.72,12.55
506,saint-joseph,20,FR,1569883868,93,43.56,6.97,68.0,3.36
507,camocim,1,BR,1569884125,80,-2.9,-40.84,74.5,5.5
508,corinto,75,CO,1569884126,88,3.17,-76.26,73.4,4.7
509,meadow lake,75,GB,1569884126,93,54.18,-6.35,54.0,12.75
510,ivanteyevka,90,RU,1569884126,93,55.97,37.92,57.2,8.95
511,puerto escondido,40,AR,1569884004,69,-51.62,-69.23,37.4,9.17
512,georgiyevka,100,RU,1569884127,86,52.25,40.45,55.95,19.3
513,ozernovskiy,59,RU,1569884127,73,51.5,156.52,44.07,9.55
514,faya,0,SA,1569884127,34,18.39,42.45,68.0,4.7
515,naukot,0,PK,1569884127,68,26.04,69.12,83.5,12.86
516,chernogorsk,0,RU,1569884128,64,53.83,91.31,35.6,6.71
517,sovetskiy,100,RU,1569884128,92,56.76,48.47,51.1,14.41
518,college,90,US,1569884095,76,64.86,-147.8,51.8,3.36
519,doha,0,QA,1569884129,79,25.29,51.53,87.8,1.12
520,minsk,75,BY,1569883956,100,53.9,27.56,55.4,8.95
521,abu kamal,75,JP,1569884130,88,34.51,131.49,75.2,3.36
522,qaqortoq,93,GL,1569884130,25,60.72,-46.03,53.6,26.4
523,araouane,6,ML,1569884130,9,18.9,-3.53,93.57,10.58
524,skagen,17,SE,1569884131,80,58.6,13.44,41.0,8.05
525,aykhal,75,RU,1569884131,100,65.95,111.51,17.6,4.47
526,bacsay,75,PH,1569884131,88,15.65,120.33,77.0,4.7
527,colac,0,AU,1569884132,79,-38.34,143.59,51.01,4.61
528,fortuna,20,US,1569884132,62,40.6,-124.16,59.0,12.75
529,hofn,1,IS,1569883946,75,64.25,-15.21,25.0,8.32
530,changzhou,63,CN,1569884132,92,31.81,119.97,73.99,11.18
531,kamaishi,0,JP,1569884133,46,39.28,141.86,69.1,2.73
532,chapais,90,CA,1569884133,65,49.78,-74.86,41.0,5.82
533,porto novo,75,PT,1569884122,100,41.15,-8.61,68.0,7.72
534,capela,20,BR,1569884134,83,-9.42,-36.08,75.2,5.82
535,lakatoro,58,VU,1569884134,88,-16.11,167.42,82.4,8.05
536,yumen,65,CN,1569884134,47,40.29,97.04,56.5,6.69
537,cockburn town,0,AU,1569884135,28,-32.08,141.0,59.0,14.99
538,rioja,100,PE,1569884135,98,-6.06,-77.17,52.35,0.6
539,whitehorse,90,CA,1569884136,66,60.72,-135.06,50.0,14.99
540,winthrop,75,US,1569883945,67,42.38,-70.98,57.99,9.17
541,wanning,23,AT,1569883878,71,48.64,13.53,55.0,5.82
